Title,Price,Stock,Rating,Description,Product Information,Category
A Light in the Attic,Â£51.77,In stock,Three,No description,"

UPCa897fe39b1053632


Product TypeBooks


Price (excl. tax)Â£51.77


Price (incl. tax)Â£51.77


TaxÂ£0.00


Availability
In stock (22 available)


Number of reviews
0

","
Poetry
"
Tipping the Velvet,Â£53.74,In stock,One,No description,"

UPC90fa61229261140a


Product TypeBooks


Price (excl. tax)Â£53.74


Price (incl. tax)Â£53.74


TaxÂ£0.00


Availability
In stock (20 available)


Number of reviews
0

","
Historical Fiction
"
Soumission,Â£50.10,In stock,One,No description,"

UPC6957f44c3847a760


Product TypeBooks


Price (excl. tax)Â£50.10


Price (incl. tax)Â£50.10


TaxÂ£0.00


Availability
In stock (20 available)


Number of reviews
0

","
Fiction
"
Sharp Objects,Â£47.82,In stock,Four,No description,"

UPCe00eb4fd7b871a48


Product TypeBooks


Price (excl. tax)Â£47.82


Price (incl. tax)Â£47.82


TaxÂ£0.00


Availability
In stock (20 available)


Number of reviews
0

","
Mystery
"
Sapiens: A Brief History of Humankind,Â£54.23,In stock,Five,No description,"

UPC4165285e1663650f


Product TypeBooks


Price (excl. tax)Â£54.23


Price (incl. tax)Â£54.23


TaxÂ£0.00


Availability
In stock (20 available)


Number of reviews
0

","
History
"
The Requiem Red,Â£22.65,In stock,One,No description,"

UPCf77dbf2323deb740


Product TypeBooks


Price (excl. tax)Â£22.65


Price (incl. tax)Â£22.65


TaxÂ£0.00


Availability
In stock (19 available)


Number of reviews
0

","
Young Adult
"
The Dirty Little Secrets of Getting Your Dream Job,Â£33.34,In stock,Four,No description,"

UPC2597b5a345f45e1b


Product TypeBooks


Price (excl. tax)Â£33.34


Price (incl. tax)Â£33.34


TaxÂ£0.00


Availability
In stock (19 available)


Number of reviews
0

","
Business
"
"The Coming Woman: A Novel Based on the Life of the Infamous Feminist, Victoria Woodhull",Â£17.93,In stock,Three,No description,"

UPCe72a5dfc7e9267b2


Product TypeBooks


Price (excl. tax)Â£17.93


Price (incl. tax)Â£17.93


TaxÂ£0.00


Availability
In stock (19 available)


Number of reviews
0

","
Default
"
The Boys in the Boat: Nine Americans and Their Epic Quest for Gold at the 1936 Berlin Olympics,Â£22.60,In stock,Four,No description,"

UPCe10e1e165dc8be4a


Product TypeBooks


Price (excl. tax)Â£22.60


Price (incl. tax)Â£22.60


TaxÂ£0.00


Availability
In stock (19 available)


Number of reviews
0

","
Default
"
The Black Maria,Â£52.15,In stock,One,No description,"

UPC1dfe412b8ac00530


Product TypeBooks


Price (excl. tax)Â£52.15


Price (incl. tax)Â£52.15


TaxÂ£0.00


Availability
In stock (19 available)


Number of reviews
0

","
Poetry
"
"Starving Hearts (Triangular Trade Trilogy, #1)",Â£13.99,In stock,Two,No description,"

UPC0312262ecafa5a40


Product TypeBooks


Price (excl. tax)Â£13.99


Price (incl. tax)Â£13.99


TaxÂ£0.00


Availability
In stock (19 available)


Number of reviews
0

","
Default
"
Shakespeare's Sonnets,Â£20.66,In stock,Four,No description,"

UPC30a7f60cd76ca58c


Product TypeBooks


Price (excl. tax)Â£20.66


Price (incl. tax)Â£20.66


TaxÂ£0.00


Availability
In stock (19 available)


Number of reviews
0

","
Poetry
"
Set Me Free,Â£17.46,In stock,Five,No description,"

UPCce6396b0f23f6ecc


Product TypeBooks


Price (excl. tax)Â£17.46


Price (incl. tax)Â£17.46


TaxÂ£0.00


Availability
In stock (19 available)


Number of reviews
0

","
Young Adult
"
Scott Pilgrim's Precious Little Life (Scott Pilgrim #1),Â£52.29,In stock,Five,No description,"

UPC3b1c02bac2a429e6


Product TypeBooks


Price (excl. tax)Â£52.29


Price (incl. tax)Â£52.29


TaxÂ£0.00


Availability
In stock (19 available)


Number of reviews
0

","
Sequential Art
"
Rip it Up and Start Again,Â£35.02,In stock,Five,No description,"

UPCa34ba96d4081e6a4


Product TypeBooks


Price (excl. tax)Â£35.02


Price (incl. tax)Â£35.02


TaxÂ£0.00


Availability
In stock (19 available)


Number of reviews
0

","
Music
"
"Our Band Could Be Your Life: Scenes from the American Indie Underground, 1981-1991",Â£57.25,In stock,Three,No description,"

UPCdeda3e61b9514b83


Product TypeBooks


Price (excl. tax)Â£57.25


Price (incl. tax)Â£57.25


TaxÂ£0.00


Availability
In stock (19 available)


Number of reviews
0

","
Music
"
Olio,Â£23.88,In stock,One,No description,"

UPCfeb7cc7701ecf901


Product TypeBooks


Price (excl. tax)Â£23.88


Price (incl. tax)Â£23.88


TaxÂ£0.00


Availability
In stock (19 available)


Number of reviews
0

","
Poetry
"
Mesaerion: The Best Science Fiction Stories 1800-1849,Â£37.59,In stock,One,No description,"

UPCe30f54cea9b38190


Product TypeBooks


Price (excl. tax)Â£37.59


Price (incl. tax)Â£37.59


TaxÂ£0.00


Availability
In stock (19 available)


Number of reviews
0

","
Science Fiction
"
Libertarianism for Beginners,Â£51.33,In stock,Two,No description,"

UPCa18a4f574854aced


Product TypeBooks


Price (excl. tax)Â£51.33


Price (incl. tax)Â£51.33


TaxÂ£0.00


Availability
In stock (19 available)


Number of reviews
0

","
Politics
"
It's Only the Himalayas,Â£45.17,In stock,Two,No description,"

UPCa22124811bfa8350


Product TypeBooks


Price (excl. tax)Â£45.17


Price (incl. tax)Â£45.17


TaxÂ£0.00


Availability
In stock (19 available)


Number of reviews
0

","
Travel
"
In Her Wake,Â£12.84,In stock,One,No description,"

UPC23356462d1320d61


Product TypeBooks


Price (excl. tax)Â£12.84


Price (incl. tax)Â£12.84


TaxÂ£0.00


Availability
In stock (19 available)


Number of reviews
0

","
Thriller
"
How Music Works,Â£37.32,In stock,Two,No description,"

UPC327f68a59745c102


Product TypeBooks


Price (excl. tax)Â£37.32


Price (incl. tax)Â£37.32


TaxÂ£0.00


Availability
In stock (19 available)


Number of reviews
0

","
Music
"
"Foolproof Preserving: A Guide to Small Batch Jams, Jellies, Pickles, Condiments, and More: A Foolproof Guide to Making Small Batch Jams, Jellies, Pickles, Condiments, and More",Â£30.52,In stock,Three,No description,"

UPC5674a18a29a43ced


Product TypeBooks


Price (excl. tax)Â£30.52


Price (incl. tax)Â£30.52


TaxÂ£0.00


Availability
In stock (19 available)


Number of reviews
0

","
Food and Drink
"
Chase Me (Paris Nights #2),Â£25.27,In stock,Five,No description,"

UPCc2e46a2ee3b4a322


Product TypeBooks


Price (excl. tax)Â£25.27


Price (incl. tax)Â£25.27


TaxÂ£0.00


Availability
In stock (19 available)


Number of reviews
0

","
Romance
"
Black Dust,Â£34.53,In stock,Five,No description,"

UPC00bfed9e18bb36f3


Product TypeBooks


Price (excl. tax)Â£34.53


Price (incl. tax)Â£34.53


TaxÂ£0.00


Availability
In stock (19 available)


Number of reviews
0

","
Romance
"
Birdsong: A Story in Pictures,Â£54.64,In stock,Three,No description,"

UPC9528d0948525bf5f


Product TypeBooks


Price (excl. tax)Â£54.64


Price (incl. tax)Â£54.64


TaxÂ£0.00


Availability
In stock (19 available)


Number of reviews
0

","
Childrens
"
America's Cradle of Quarterbacks: Western Pennsylvania's Football Factory from Johnny Unitas to Joe Montana,Â£22.50,In stock,Three,No description,"

UPCc7d160c2c0de586f


Product TypeBooks


Price (excl. tax)Â£22.50


Price (incl. tax)Â£22.50


TaxÂ£0.00


Availability
In stock (19 available)


Number of reviews
0

","
Default
"
Aladdin and His Wonderful Lamp,Â£53.13,In stock,Three,No description,"

UPC904208d6aa64b655


Product TypeBooks


Price (excl. tax)Â£53.13


Price (incl. tax)Â£53.13


TaxÂ£0.00


Availability
In stock (19 available)


Number of reviews
0

","
Default
"
Worlds Elsewhere: Journeys Around Shakespeareâs Globe,Â£40.30,In stock,Five,No description,"

UPC4c28def39d850cdf


Product TypeBooks


Price (excl. tax)Â£40.30


Price (incl. tax)Â£40.30


TaxÂ£0.00


Availability
In stock (18 available)


Number of reviews
0

","
Nonfiction
"
Wall and Piece,Â£44.18,In stock,Four,No description,"

UPCccd9ffa25efabdea


Product TypeBooks


Price (excl. tax)Â£44.18


Price (incl. tax)Â£44.18


TaxÂ£0.00


Availability
In stock (18 available)


Number of reviews
0

","
Art
"
The Four Agreements: A Practical Guide to Personal Freedom,Â£17.66,In stock,Five,No description,"

UPC6258a1f6a6dcfe50


Product TypeBooks


Price (excl. tax)Â£17.66


Price (incl. tax)Â£17.66


TaxÂ£0.00


Availability
In stock (18 available)


Number of reviews
0

","
Spirituality
"
The Five Love Languages: How to Express Heartfelt Commitment to Your Mate,Â£31.05,In stock,Three,No description,"

UPC3c039985229453bf


Product TypeBooks


Price (excl. tax)Â£31.05


Price (incl. tax)Â£31.05


TaxÂ£0.00


Availability
In stock (18 available)


Number of reviews
0

","
Nonfiction
"
The Elephant Tree,Â£23.82,In stock,Five,No description,"

UPC5dada2b7be26bd03


Product TypeBooks


Price (excl. tax)Â£23.82


Price (incl. tax)Â£23.82


TaxÂ£0.00


Availability
In stock (18 available)


Number of reviews
0

","
Thriller
"
The Bear and the Piano,Â£36.89,In stock,One,No description,"

UPC9f6568e9c95f60b0


Product TypeBooks


Price (excl. tax)Â£36.89


Price (incl. tax)Â£36.89


TaxÂ£0.00


Availability
In stock (18 available)


Number of reviews
0

","
Childrens
"
Sophie's World,Â£15.94,In stock,Five,No description,"

UPC6be3beb0793a53e7


Product TypeBooks


Price (excl. tax)Â£15.94


Price (incl. tax)Â£15.94


TaxÂ£0.00


Availability
In stock (18 available)


Number of reviews
0

","
Philosophy
"
Penny Maybe,Â£33.29,In stock,Three,No description,"

UPC668fe56b17cfcd4f


Product TypeBooks


Price (excl. tax)Â£33.29


Price (incl. tax)Â£33.29


TaxÂ£0.00


Availability
In stock (18 available)


Number of reviews
0

","
Default
"
Maude (1883-1993):She Grew Up with the country,Â£18.02,In stock,Two,No description,"

UPC094b269567e1c300


Product TypeBooks


Price (excl. tax)Â£18.02


Price (incl. tax)Â£18.02


TaxÂ£0.00


Availability
In stock (18 available)


Number of reviews
0

","
Default
"
"In a Dark, Dark Wood",Â£19.63,In stock,One,No description,"

UPC19ed25f4641d5efd


Product TypeBooks


Price (excl. tax)Â£19.63


Price (incl. tax)Â£19.63


TaxÂ£0.00


Availability
In stock (18 available)


Number of reviews
0

","
Mystery
"
Behind Closed Doors,Â£52.22,In stock,Four,No description,"

UPCbe5cc846f45496fb


Product TypeBooks


Price (excl. tax)Â£52.22


Price (incl. tax)Â£52.22


TaxÂ£0.00


Availability
In stock (18 available)


Number of reviews
0

","
Thriller
"
You can't bury them all: Poems,Â£33.63,In stock,Two,No description,"

UPC55f9da0c5eea2e10


Product TypeBooks


Price (excl. tax)Â£33.63


Price (incl. tax)Â£33.63


TaxÂ£0.00


Availability
In stock (17 available)


Number of reviews
0

","
Poetry
"
Slow States of Collapse: Poems,Â£57.31,In stock,Three,No description,"

UPCb4fd5943413e089a


Product TypeBooks


Price (excl. tax)Â£57.31


Price (incl. tax)Â£57.31


TaxÂ£0.00


Availability
In stock (17 available)


Number of reviews
0

","
Poetry
"
Reasons to Stay Alive,Â£26.41,In stock,Two,No description,"

UPCc8f7f0cb1abb9cac


Product TypeBooks


Price (excl. tax)Â£26.41


Price (incl. tax)Â£26.41


TaxÂ£0.00


Availability
In stock (17 available)


Number of reviews
0

","
Nonfiction
"
Private Paris (Private #10),Â£47.61,In stock,Five,No description,"

UPCb12b89017878a60d


Product TypeBooks


Price (excl. tax)Â£47.61


Price (incl. tax)Â£47.61


TaxÂ£0.00


Availability
In stock (17 available)


Number of reviews
0

","
Fiction
"
#HigherSelfie: Wake Up Your Life. Free Your Soul. Find Your Tribe.,Â£23.11,In stock,Five,No description,"

UPCc27f6e1f185b0383


Product TypeBooks


Price (excl. tax)Â£23.11


Price (incl. tax)Â£23.11


TaxÂ£0.00


Availability
In stock (17 available)


Number of reviews
0

","
Nonfiction
"
Without Borders (Wanderlove #1),Â£45.07,In stock,Two,No description,"

UPCacddfeab2a407640


Product TypeBooks


Price (excl. tax)Â£45.07


Price (incl. tax)Â£45.07


TaxÂ£0.00


Availability
In stock (16 available)


Number of reviews
0

","
New Adult
"
When We Collided,Â£31.77,In stock,One,No description,"

UPC3ecb690d1542c568


Product TypeBooks


Price (excl. tax)Â£31.77


Price (incl. tax)Â£31.77


TaxÂ£0.00


Availability
In stock (16 available)


Number of reviews
0

","
Contemporary
"
"We Love You, Charlie Freeman",Â£50.27,In stock,Five,No description,"

UPC8d455c7539795d2a


Product TypeBooks


Price (excl. tax)Â£50.27


Price (incl. tax)Â£50.27


TaxÂ£0.00


Availability
In stock (16 available)


Number of reviews
0

","
Fiction
"
Untitled Collection: Sabbath Poems 2014,Â£14.27,In stock,Four,No description,"

UPC657fe5ead67a7767


Product TypeBooks


Price (excl. tax)Â£14.27


Price (incl. tax)Â£14.27


TaxÂ£0.00


Availability
In stock (16 available)


Number of reviews
0

","
Poetry
"
"Unseen City: The Majesty of Pigeons, the Discreet Charm of Snails & Other Wonders of the Urban Wilderness",Â£44.18,In stock,Four,No description,"

UPCd170b5a0da46380e


Product TypeBooks


Price (excl. tax)Â£44.18


Price (incl. tax)Â£44.18


TaxÂ£0.00


Availability
In stock (16 available)


Number of reviews
0

","
Nonfiction
"
Unicorn Tracks,Â£18.78,In stock,Three,No description,"

UPC7ae099f3898e0209


Product TypeBooks


Price (excl. tax)Â£18.78


Price (incl. tax)Â£18.78


TaxÂ£0.00


Availability
In stock (16 available)


Number of reviews
0

","
Fantasy
"
"Unbound: How Eight Technologies Made Us Human, Transformed Society, and Brought Our World to the Brink",Â£25.52,In stock,One,No description,"

UPC9a9d6e9bc555731e


Product TypeBooks


Price (excl. tax)Â£25.52


Price (incl. tax)Â£25.52


TaxÂ£0.00


Availability
In stock (16 available)


Number of reviews
0

","
History
"
Tsubasa: WoRLD CHRoNiCLE 2 (Tsubasa WoRLD CHRoNiCLE #2),Â£16.28,In stock,One,No description,"

UPC09555be379ad9253


Product TypeBooks


Price (excl. tax)Â£16.28


Price (incl. tax)Â£16.28


TaxÂ£0.00


Availability
In stock (16 available)


Number of reviews
0

","
Sequential Art
"
Throwing Rocks at the Google Bus: How Growth Became the Enemy of Prosperity,Â£31.12,In stock,Three,No description,"

UPC7858914fad68493c


Product TypeBooks


Price (excl. tax)Â£31.12


Price (incl. tax)Â£31.12


TaxÂ£0.00


Availability
In stock (16 available)


Number of reviews
0

","
Nonfiction
"
This One Summer,Â£19.49,In stock,Four,No description,"

UPC51653ef291ab7ddc


Product TypeBooks


Price (excl. tax)Â£19.49


Price (incl. tax)Â£19.49


TaxÂ£0.00


Availability
In stock (16 available)


Number of reviews
0

","
Sequential Art
"
Thirst,Â£17.27,In stock,Five,No description,"

UPC709822d0b5bcb7f4


Product TypeBooks


Price (excl. tax)Â£17.27


Price (incl. tax)Â£17.27


TaxÂ£0.00


Availability
In stock (16 available)


Number of reviews
0

","
Fiction
"
The Torch Is Passed: A Harding Family Story,Â£19.09,In stock,One,No description,"

UPC4eed62cf5f8d8edf


Product TypeBooks


Price (excl. tax)Â£19.09


Price (incl. tax)Â£19.09


TaxÂ£0.00


Availability
In stock (16 available)


Number of reviews
0

","
Add a comment
"
The Secret of Dreadwillow Carse,Â£56.13,In stock,One,No description,"

UPCb5ea0b5dabed25a8


Product TypeBooks


Price (excl. tax)Â£56.13


Price (incl. tax)Â£56.13


TaxÂ£0.00


Availability
In stock (16 available)


Number of reviews
0

","
Childrens
"
"The Pioneer Woman Cooks: Dinnertime: Comfort Classics, Freezer Food, 16-Minute Meals, and Other Delicious Ways to Solve Supper!",Â£56.41,In stock,One,No description,"

UPC142d767a56a9254d


Product TypeBooks


Price (excl. tax)Â£56.41


Price (incl. tax)Â£56.41


TaxÂ£0.00


Availability
In stock (16 available)


Number of reviews
0

","
Food and Drink
"
The Past Never Ends,Â£56.50,In stock,Four,No description,"

UPC5ee94540d0749ea0


Product TypeBooks


Price (excl. tax)Â£56.50


Price (incl. tax)Â£56.50


TaxÂ£0.00


Availability
In stock (16 available)


Number of reviews
0

","
Mystery
"
The Natural History of Us (The Fine Art of Pretending #2),Â£45.22,In stock,Three,No description,"

UPCcedf82b5086e4691


Product TypeBooks


Price (excl. tax)Â£45.22


Price (incl. tax)Â£45.22


TaxÂ£0.00


Availability
In stock (16 available)


Number of reviews
0

","
Young Adult
"
The Nameless City (The Nameless City #1),Â£38.16,In stock,Four,No description,"

UPC7d385d34d12e60ff


Product TypeBooks


Price (excl. tax)Â£38.16


Price (incl. tax)Â£38.16


TaxÂ£0.00


Availability
In stock (16 available)


Number of reviews
0

","
Sequential Art
"
The Murder That Never Was (Forensic Instincts #5),Â£54.11,In stock,Three,No description,"

UPCd01ac97e2b8947c2


Product TypeBooks


Price (excl. tax)Â£54.11


Price (incl. tax)Â£54.11


TaxÂ£0.00


Availability
In stock (16 available)


Number of reviews
0

","
Fiction
"
The Most Perfect Thing: Inside (and Outside) a Bird's Egg,Â£42.96,In stock,Four,No description,"

UPCaadee1c326d286e3


Product TypeBooks


Price (excl. tax)Â£42.96


Price (incl. tax)Â£42.96


TaxÂ£0.00


Availability
In stock (16 available)


Number of reviews
0

","
Science
"
"The Mindfulness and Acceptance Workbook for Anxiety: A Guide to Breaking Free from Anxiety, Phobias, and Worry Using Acceptance and Commitment Therapy",Â£23.89,In stock,Four,No description,"

UPC31075275518532d7


Product TypeBooks


Price (excl. tax)Â£23.89


Price (incl. tax)Â£23.89


TaxÂ£0.00


Availability
In stock (16 available)


Number of reviews
0

","
Add a comment
"
The Life-Changing Magic of Tidying Up: The Japanese Art of Decluttering and Organizing,Â£16.77,In stock,Three,No description,"

UPC0da9aa9d24677fc0


Product TypeBooks


Price (excl. tax)Â£16.77


Price (incl. tax)Â£16.77


TaxÂ£0.00


Availability
In stock (16 available)


Number of reviews
0

","
Nonfiction
"
"The Inefficiency Assassin: Time Management Tactics for Working Smarter, Not Longer",Â£20.59,In stock,Five,No description,"

UPC8c9e6bf2467d740d


Product TypeBooks


Price (excl. tax)Â£20.59


Price (incl. tax)Â£20.59


TaxÂ£0.00


Availability
In stock (16 available)


Number of reviews
0

","
Default
"
The Gutsy Girl: Escapades for Your Life of Epic Adventure,Â£37.13,In stock,One,No description,"

UPCacd86a5426e21ca0


Product TypeBooks


Price (excl. tax)Â£37.13


Price (incl. tax)Â£37.13


TaxÂ£0.00


Availability
In stock (16 available)


Number of reviews
0

","
Nonfiction
"
The Electric Pencil: Drawings from Inside State Hospital No. 3,Â£56.06,In stock,One,No description,"

UPCa30b270e25489e5c


Product TypeBooks


Price (excl. tax)Â£56.06


Price (incl. tax)Â£56.06


TaxÂ£0.00


Availability
In stock (16 available)


Number of reviews
0

","
Nonfiction
"
The Death of Humanity: and the Case for Life,Â£58.11,In stock,Four,No description,"

UPCbd261725b99f5983


Product TypeBooks


Price (excl. tax)Â£58.11


Price (incl. tax)Â£58.11


TaxÂ£0.00


Availability
In stock (16 available)


Number of reviews
0

","
Philosophy
"
"The Bulletproof Diet: Lose up to a Pound a Day, Reclaim Energy and Focus, Upgrade Your Life",Â£49.05,In stock,Three,No description,"

UPC43c6a960757cf559


Product TypeBooks


Price (excl. tax)Â£49.05


Price (incl. tax)Â£49.05


TaxÂ£0.00


Availability
In stock (16 available)


Number of reviews
0

","
Health
"
The Art Forger,Â£40.76,In stock,Three,No description,"

UPC80cfab6bcff3a244


Product TypeBooks


Price (excl. tax)Â£40.76


Price (incl. tax)Â£40.76


TaxÂ£0.00


Availability
In stock (16 available)


Number of reviews
0

","
Add a comment
"
The Age of Genius: The Seventeenth Century and the Birth of the Modern Mind,Â£19.73,In stock,One,No description,"

UPCa3d2a4250807f1e9


Product TypeBooks


Price (excl. tax)Â£19.73


Price (incl. tax)Â£19.73


TaxÂ£0.00


Availability
In stock (16 available)


Number of reviews
0

","
History
"
The Activist's Tao Te Ching: Ancient Advice for a Modern Revolution,Â£32.24,In stock,Five,No description,"

UPC7d6d2a6c0276f81b


Product TypeBooks


Price (excl. tax)Â£32.24


Price (incl. tax)Â£32.24


TaxÂ£0.00


Availability
In stock (16 available)


Number of reviews
0

","
Spirituality
"
Spark Joy: An Illustrated Master Class on the Art of Organizing and Tidying Up,Â£41.83,In stock,Four,No description,"

UPC87b0615b6e1f4d7b


Product TypeBooks


Price (excl. tax)Â£41.83


Price (incl. tax)Â£41.83


TaxÂ£0.00


Availability
In stock (16 available)


Number of reviews
0

","
Nonfiction
"
Soul Reader,Â£39.58,In stock,Two,No description,"

UPCe6af5bf1163c1151


Product TypeBooks


Price (excl. tax)Â£39.58


Price (incl. tax)Â£39.58


TaxÂ£0.00


Availability
In stock (16 available)


Number of reviews
0

","
Default
"
Security,Â£39.25,In stock,Two,No description,"

UPC6f78a0d744c35456


Product TypeBooks


Price (excl. tax)Â£39.25


Price (incl. tax)Â£39.25


TaxÂ£0.00


Availability
In stock (16 available)


Number of reviews
0

","
Horror
"
"Saga, Volume 6 (Saga (Collected Editions) #6)",Â£25.02,In stock,Three,No description,"

UPCc849f0b2f5d6a742


Product TypeBooks


Price (excl. tax)Â£25.02


Price (incl. tax)Â£25.02


TaxÂ£0.00


Availability
In stock (16 available)


Number of reviews
0

","
Fantasy
"
"Saga, Volume 5 (Saga (Collected Editions) #5)",Â£51.04,In stock,Two,No description,"

UPC53a3d11bb568cc8b


Product TypeBooks


Price (excl. tax)Â£51.04


Price (incl. tax)Â£51.04


TaxÂ£0.00


Availability
In stock (16 available)


Number of reviews
0

","
Sequential Art
"
Reskilling America: Learning to Labor in the Twenty-First Century,Â£19.83,In stock,Two,No description,"

UPCd7310206583a54b6


Product TypeBooks


Price (excl. tax)Â£19.83


Price (incl. tax)Â£19.83


TaxÂ£0.00


Availability
In stock (16 available)


Number of reviews
0

","
Nonfiction
"
"Rat Queens, Vol. 3: Demons (Rat Queens (Collected Editions) #11-15)",Â£50.40,In stock,Three,No description,"

UPCc82a3e358c773c73


Product TypeBooks


Price (excl. tax)Â£50.40


Price (incl. tax)Â£50.40


TaxÂ£0.00


Availability
In stock (16 available)


Number of reviews
0

","
Sequential Art
"
"Princess Jellyfish 2-in-1 Omnibus, Vol. 01 (Princess Jellyfish 2-in-1 Omnibus #1)",Â£13.61,In stock,Five,No description,"

UPC0fa6dceead7ce47a


Product TypeBooks


Price (excl. tax)Â£13.61


Price (incl. tax)Â£13.61


TaxÂ£0.00


Availability
In stock (16 available)


Number of reviews
0

","
Sequential Art
"
Princess Between Worlds (Wide-Awake Princess #5),Â£13.34,In stock,Five,No description,"

UPC0e691eda369f4e09


Product TypeBooks


Price (excl. tax)Â£13.34


Price (incl. tax)Â£13.34


TaxÂ£0.00


Availability
In stock (16 available)


Number of reviews
0

","
Fantasy
"
"Pop Gun War, Volume 1: Gift",Â£18.97,In stock,One,No description,"

UPCe80f8e518b300dfe


Product TypeBooks


Price (excl. tax)Â£18.97


Price (incl. tax)Â£18.97


TaxÂ£0.00


Availability
In stock (16 available)


Number of reviews
0

","
Sequential Art
"
"Political Suicide: Missteps, Peccadilloes, Bad Calls, Backroom Hijinx, Sordid Pasts, Rotten Breaks, and Just Plain Dumb Mistakes in the Annals of American Politics",Â£36.28,In stock,Two,No description,"

UPC7392c0032f92d816


Product TypeBooks


Price (excl. tax)Â£36.28


Price (incl. tax)Â£36.28


TaxÂ£0.00


Availability
In stock (16 available)


Number of reviews
0

","
History
"
Patience,Â£10.16,In stock,Three,No description,"

UPC9429b4d59c537af5


Product TypeBooks


Price (excl. tax)Â£10.16


Price (incl. tax)Â£10.16


TaxÂ£0.00


Availability
In stock (16 available)


Number of reviews
0

","
Sequential Art
"
"Outcast, Vol. 1: A Darkness Surrounds Him (Outcast #1)",Â£15.44,In stock,Four,No description,"

UPC889139b8e9c4cb36


Product TypeBooks


Price (excl. tax)Â£15.44


Price (incl. tax)Â£15.44


TaxÂ£0.00


Availability
In stock (16 available)


Number of reviews
0

","
Sequential Art
"
orange: The Complete Collection 1 (orange: The Complete Collection #1),Â£48.41,In stock,One,No description,"

UPC11809b1d323b3057


Product TypeBooks


Price (excl. tax)Â£48.41


Price (incl. tax)Â£48.41


TaxÂ£0.00


Availability
In stock (16 available)


Number of reviews
0

","
Sequential Art
"
Online Marketing for Busy Authors: A Step-By-Step Guide,Â£46.35,In stock,One,No description,"

UPC9ffa38d3b832433a


Product TypeBooks


Price (excl. tax)Â£46.35


Price (incl. tax)Â£46.35


TaxÂ£0.00


Availability
In stock (16 available)


Number of reviews
0

","
Self Help
"
On a Midnight Clear,Â£14.07,In stock,Three,No description,"

UPCb757c0c361e689ce


Product TypeBooks


Price (excl. tax)Â£14.07


Price (incl. tax)Â£14.07


TaxÂ£0.00


Availability
In stock (16 available)


Number of reviews
0

","
Add a comment
"
Obsidian (Lux #1),Â£14.86,In stock,Two,No description,"

UPC3c346ab1e76ae1f6


Product TypeBooks


Price (excl. tax)Â£14.86


Price (incl. tax)Â£14.86


TaxÂ£0.00


Availability
In stock (16 available)


Number of reviews
0

","
Young Adult
"
My Paris Kitchen: Recipes and Stories,Â£33.37,In stock,Two,No description,"

UPC784bc2279baa878d


Product TypeBooks


Price (excl. tax)Â£33.37


Price (incl. tax)Â£33.37


TaxÂ£0.00


Availability
In stock (16 available)


Number of reviews
0

","
Food and Drink
"
Masks and Shadows,Â£56.40,In stock,Two,No description,"

UPCfa9610a50a1bf149


Product TypeBooks


Price (excl. tax)Â£56.40


Price (incl. tax)Â£56.40


TaxÂ£0.00


Availability
In stock (16 available)


Number of reviews
0

","
Fantasy
"
"Mama Tried: Traditional Italian Cooking for the Screwed, Crude, Vegan, and Tattooed",Â£14.02,In stock,Four,No description,"

UPC72f9d5be3472d34e


Product TypeBooks


Price (excl. tax)Â£14.02


Price (incl. tax)Â£14.02


TaxÂ£0.00


Availability
In stock (16 available)


Number of reviews
0

","
Food and Drink
"
"Lumberjanes, Vol. 2: Friendship to the Max (Lumberjanes #5-8)",Â£46.91,In stock,Two,No description,"

UPC460089f796fb3f82


Product TypeBooks


Price (excl. tax)Â£46.91


Price (incl. tax)Â£46.91


TaxÂ£0.00


Availability
In stock (16 available)


Number of reviews
0

","
Sequential Art
"
"Lumberjanes, Vol. 1: Beware the Kitten Holy (Lumberjanes #1-4)",Â£45.61,In stock,Three,No description,"

UPCb6ee99bcf06fc91f


Product TypeBooks


Price (excl. tax)Â£45.61


Price (incl. tax)Â£45.61


TaxÂ£0.00


Availability
In stock (16 available)


Number of reviews
0

","
Sequential Art
"
Lumberjanes Vol. 3: A Terrible Plan (Lumberjanes #9-12),Â£19.92,In stock,Two,No description,"

UPC57e5a4d515c8ce44


Product TypeBooks


Price (excl. tax)Â£19.92


Price (incl. tax)Â£19.92


TaxÂ£0.00


Availability
In stock (16 available)


Number of reviews
0

","
Sequential Art
"
"Layered: Baking, Building, and Styling Spectacular Cakes",Â£40.11,In stock,One,No description,"

UPC7b75cc7f223791f4


Product TypeBooks


Price (excl. tax)Â£40.11


Price (incl. tax)Â£40.11


TaxÂ£0.00


Availability
In stock (16 available)


Number of reviews
0

","
Food and Drink
"
Judo: Seven Steps to Black Belt (an Introductory Guide for Beginners),Â£53.90,In stock,Two,No description,"

UPC228f74b74f3a08ae


Product TypeBooks


Price (excl. tax)Â£53.90


Price (incl. tax)Â£53.90


TaxÂ£0.00


Availability
In stock (16 available)


Number of reviews
0

","
Add a comment
"
Join,Â£35.67,In stock,Five,No description,"

UPC18ad3ed896c7ce05


Product TypeBooks


Price (excl. tax)Â£35.67


Price (incl. tax)Â£35.67


TaxÂ£0.00


Availability
In stock (16 available)


Number of reviews
0

","
Science Fiction
"
In the Country We Love: My Family Divided,Â£22.00,In stock,Four,No description,"

UPCb136b1b180ca753a


Product TypeBooks


Price (excl. tax)Â£22.00


Price (incl. tax)Â£22.00


TaxÂ£0.00


Availability
In stock (16 available)


Number of reviews
0

","
Nonfiction
"
